{
  "P009": {
    "scale_factor": 0.2155015124782336,
    "ate_mean": 11.717900899586246,
    "ate_std": 7.627476172374755,
    "rpe_rot_mean": 39.10069295307607,
    "rpe_trans_mean": 203.55070490077222
  },
  "P010": {
    "scale_factor": 0.17322029244433285,
    "ate_mean": 26.5344796617676,
    "ate_std": 10.203808378609258,
    "rpe_rot_mean": 31.866905398404846,
    "rpe_trans_mean": 556.3597010739539
  },
  "P011": {
    "scale_factor": 0.16950283115680714,
    "ate_mean": 19.480895680063366,
    "ate_std": 9.820072460681187,
    "rpe_rot_mean": 31.2223966363858,
    "rpe_trans_mean": 415.06180093043673
  }
}